timeStamp,elapsed,label,responseCode,responseMessage,threadName,dataType,success,failureMessage,bytes,sentBytes,grpThreads,allThreads,Latency,IdleTime,Connect
1633653936872,556,conf #1 req,200,OK,conf #1 users 1-25,text,true,,366,0,164,164,556,0,0
1633653936811,617,conf #1 req,200,OK,conf #1 users 1-10,text,true,,366,0,164,164,617,0,0
1633653936868,560,conf #1 req,200,OK,conf #1 users 1-24,text,true,,366,0,164,164,560,0,0
1633653936880,549,conf #1 req,200,OK,conf #1 users 1-27,text,true,,366,0,164,164,549,0,0
1633653936863,566,conf #1 req,200,OK,conf #1 users 1-23,text,true,,366,0,163,163,566,0,0
1633653936860,569,conf #1 req,200,OK,conf #1 users 1-22,text,true,,366,0,161,161,569,0,0
1633653936852,577,conf #1 req,200,OK,conf #1 users 1-20,text,true,,366,0,158,158,577,0,0
1633653936843,586,conf #1 req,200,OK,conf #1 users 1-18,text,true,,366,0,158,158,586,0,0
1633653936849,580,conf #1 req,200,OK,conf #1 users 1-19,text,true,,366,0,158,158,580,0,0
1633653936823,606,conf #1 req,200,OK,conf #1 users 1-13,text,true,,366,0,157,157,606,0,0
1633653936836,593,conf #1 req,200,OK,conf #1 users 1-16,text,true,,366,0,157,157,593,0,0
1633653936828,601,conf #1 req,200,OK,conf #1 users 1-14,text,true,,366,0,157,157,601,0,0
1633653936779,650,conf #1 req,200,OK,conf #1 users 1-2,text,true,,366,0,156,156,650,0,0
1633653936800,629,conf #1 req,200,OK,conf #1 users 1-7,text,true,,366,0,155,155,629,0,0
1633653936796,633,conf #1 req,200,OK,conf #1 users 1-6,text,true,,366,0,155,155,633,0,0
1633653936840,590,conf #1 req,200,OK,conf #1 users 1-17,text,true,,366,0,155,155,590,0,0
1633653936807,623,conf #1 req,200,OK,conf #1 users 1-9,text,true,,366,0,155,155,623,0,0
1633653936815,615,conf #1 req,200,OK,conf #1 users 1-11,text,true,,366,0,155,155,615,0,0
1633653936876,554,conf #1 req,200,OK,conf #1 users 1-26,text,true,,366,0,153,153,554,0,0
1633653936884,546,conf #1 req,200,OK,conf #1 users 1-28,text,true,,366,0,153,153,546,0,0
1633653936783,647,conf #1 req,200,OK,conf #1 users 1-3,text,true,,366,0,153,153,647,0,0
1633653936832,598,conf #1 req,200,OK,conf #1 users 1-15,text,true,,366,0,153,153,598,0,0
1633653936819,611,conf #1 req,200,OK,conf #1 users 1-12,text,true,,366,0,153,153,611,0,0
1633653936787,643,conf #1 req,200,OK,conf #1 users 1-4,text,true,,366,0,153,153,643,0,0
1633653936856,574,conf #1 req,200,OK,conf #1 users 1-21,text,true,,366,0,153,153,574,0,0
1633653936891,539,conf #1 req,200,OK,conf #1 users 1-30,text,true,,366,0,153,153,539,0,0
1633653936896,534,conf #1 req,200,OK,conf #1 users 1-31,text,true,,366,0,153,153,534,0,0
1633653936792,639,conf #1 req,200,OK,conf #1 users 1-5,text,true,,366,0,147,147,639,0,0
1633653936775,656,conf #1 req,200,OK,conf #1 users 1-1,text,true,,366,0,147,147,656,0,0
1633653936803,628,conf #1 req,200,OK,conf #1 users 1-8,text,true,,366,0,145,145,628,0,0
1633653936888,543,conf #1 req,200,OK,conf #1 users 1-29,text,true,,366,0,142,142,543,0,0
1633653936900,539,conf #1 req,200,OK,conf #1 users 1-32,text,true,,366,0,135,135,539,0,0
1633653936907,541,conf #1 req,200,OK,conf #1 users 1-34,text,true,,366,0,137,137,541,0,0
1633653936905,543,conf #1 req,200,OK,conf #1 users 1-33,text,true,,366,0,137,137,543,0,0
1633653936912,537,conf #1 req,200,OK,conf #1 users 1-35,text,true,,366,0,135,135,537,0,0
1633653936916,543,conf #1 req,200,OK,conf #1 users 1-36,text,true,,366,0,137,137,543,0,0
1633653936921,538,conf #1 req,200,OK,conf #1 users 1-37,text,true,,366,0,137,137,538,0,0
1633653936924,540,conf #1 req,200,OK,conf #1 users 1-38,text,true,,366,0,136,136,540,0,0
1633653936928,543,conf #1 req,200,OK,conf #1 users 1-39,text,true,,366,0,136,136,543,0,0
1633653936932,542,conf #1 req,200,OK,conf #1 users 1-40,text,true,,366,0,136,136,542,0,0
1633653936935,544,conf #1 req,200,OK,conf #1 users 1-41,text,true,,366,0,136,136,544,0,0
1633653936940,544,conf #1 req,200,OK,conf #1 users 1-42,text,true,,366,0,137,137,544,0,0
1633653936944,544,conf #1 req,200,OK,conf #1 users 1-43,text,true,,366,0,137,137,544,0,0
1633653936947,545,conf #1 req,200,OK,conf #1 users 1-44,text,true,,366,0,137,137,545,0,0
1633653936951,550,conf #1 req,200,OK,conf #1 users 1-45,text,true,,366,0,138,138,550,0,0
1633653936955,548,conf #1 req,200,OK,conf #1 users 1-46,text,true,,366,0,137,137,548,0,0
1633653936959,548,conf #1 req,200,OK,conf #1 users 1-47,text,true,,366,0,137,137,548,0,0
1633653936964,549,conf #1 req,200,OK,conf #1 users 1-48,text,true,,366,0,138,138,549,0,0
1633653936968,550,conf #1 req,200,OK,conf #1 users 1-49,text,true,,366,0,138,138,550,0,0
1633653936972,552,conf #1 req,200,OK,conf #1 users 1-50,text,true,,366,0,139,139,552,0,0
1633653936976,553,conf #1 req,200,OK,conf #1 users 1-51,text,true,,366,0,139,139,553,0,0
1633653936979,553,conf #1 req,200,OK,conf #1 users 1-52,text,true,,366,0,139,139,553,0,0
1633653936984,553,conf #1 req,200,OK,conf #1 users 1-53,text,true,,366,0,139,139,553,0,0
1633653936988,554,conf #1 req,200,OK,conf #1 users 1-54,text,true,,366,0,139,139,554,0,0
1633653936992,556,conf #1 req,200,OK,conf #1 users 1-55,text,true,,366,0,140,140,556,0,0
1633653936995,557,conf #1 req,200,OK,conf #1 users 1-56,text,true,,366,0,140,140,557,0,0
1633653936999,558,conf #1 req,200,OK,conf #1 users 1-57,text,true,,366,0,140,140,558,0,0
1633653937004,558,conf #1 req,200,OK,conf #1 users 1-58,text,true,,366,0,140,140,558,0,0
1633653937009,559,conf #1 req,200,OK,conf #1 users 1-59,text,true,,366,0,141,141,559,0,0
1633653937012,562,conf #1 req,200,OK,conf #1 users 1-60,text,true,,366,0,141,141,562,0,0
1633653937015,568,conf #1 req,200,OK,conf #1 users 1-61,text,true,,366,0,142,142,568,0,0
1633653937019,575,conf #1 req,200,OK,conf #1 users 1-62,text,true,,366,0,144,144,575,0,0
1633653937024,574,conf #1 req,200,OK,conf #1 users 1-63,text,true,,366,0,144,144,574,0,0
1633653937028,572,conf #1 req,200,OK,conf #1 users 1-64,text,true,,366,0,144,144,572,0,0
1633653937032,568,conf #1 req,200,OK,conf #1 users 1-65,text,true,,366,0,144,144,568,0,0
1633653937039,568,conf #1 req,200,OK,conf #1 users 1-67,text,true,,366,0,143,143,568,0,0
1633653937035,572,conf #1 req,200,OK,conf #1 users 1-66,text,true,,366,0,143,143,572,0,0
1633653937043,577,conf #1 req,200,OK,conf #1 users 1-68,text,true,,366,0,145,145,577,0,0
1633653937047,582,conf #1 req,200,OK,conf #1 users 1-69,text,true,,366,0,146,146,582,0,0
1633653937052,580,conf #1 req,200,OK,conf #1 users 1-70,text,true,,366,0,146,146,580,0,0
1633653937056,590,conf #1 req,200,OK,conf #1 users 1-71,text,true,,366,0,148,148,590,0,0
1633653937060,587,conf #1 req,200,OK,conf #1 users 1-72,text,true,,366,0,148,148,587,0,0
1633653937064,586,conf #1 req,200,OK,conf #1 users 1-73,text,true,,366,0,147,147,586,0,0
1633653937068,588,conf #1 req,200,OK,conf #1 users 1-74,text,true,,366,0,148,148,588,0,0
1633653937071,588,conf #1 req,200,OK,conf #1 users 1-75,text,true,,366,0,147,147,588,0,0
1633653937075,586,conf #1 req,200,OK,conf #1 users 1-76,text,true,,366,0,147,147,586,0,0
1633653937079,589,conf #1 req,200,OK,conf #1 users 1-77,text,true,,366,0,148,148,589,0,0
1633653937083,597,conf #1 req,200,OK,conf #1 users 1-78,text,true,,366,0,150,150,597,0,0
1633653937087,596,conf #1 req,200,OK,conf #1 users 1-79,text,true,,366,0,150,150,596,0,0
1633653937091,599,conf #1 req,200,OK,conf #1 users 1-80,text,true,,366,0,150,150,599,0,0
1633653937096,594,conf #1 req,200,OK,conf #1 users 1-81,text,true,,366,0,150,150,594,0,0
1633653937100,592,conf #1 req,200,OK,conf #1 users 1-82,text,true,,366,0,149,149,592,0,0
1633653937112,590,conf #1 req,200,OK,conf #1 users 1-85,text,true,,366,0,150,150,590,0,0
1633653937107,595,conf #1 req,200,OK,conf #1 users 1-84,text,true,,366,0,150,150,595,0,0
1633653937104,598,conf #1 req,200,OK,conf #1 users 1-83,text,true,,366,0,150,150,598,0,0
1633653937115,594,conf #1 req,200,OK,conf #1 users 1-86,text,true,,366,0,149,149,594,0,0
1633653937119,597,conf #1 req,200,OK,conf #1 users 1-87,text,true,,366,0,150,150,597,0,0
1633653937124,599,conf #1 req,200,OK,conf #1 users 1-88,text,true,,366,0,150,150,599,0,0
1633653937128,599,conf #1 req,200,OK,conf #1 users 1-89,text,true,,366,0,150,150,599,0,0
1633653937131,598,conf #1 req,200,OK,conf #1 users 1-90,text,true,,366,0,150,150,598,0,0
1633653937135,598,conf #1 req,200,OK,conf #1 users 1-91,text,true,,366,0,150,150,598,0,0
1633653937139,598,conf #1 req,200,OK,conf #1 users 1-92,text,true,,366,0,150,150,598,0,0
1633653937144,602,conf #1 req,200,OK,conf #1 users 1-93,text,true,,366,0,151,151,602,0,0
1633653937148,604,conf #1 req,200,OK,conf #1 users 1-94,text,true,,366,0,151,151,604,0,0
1633653937152,604,conf #1 req,200,OK,conf #1 users 1-95,text,true,,366,0,152,152,604,0,0
1633653937155,608,conf #1 req,200,OK,conf #1 users 1-96,text,true,,366,0,153,153,608,0,0
1633653937159,613,conf #1 req,200,OK,conf #1 users 1-97,text,true,,366,0,154,154,613,0,0
1633653937163,615,conf #1 req,200,OK,conf #1 users 1-98,text,true,,366,0,154,154,615,0,0
1633653937167,613,conf #1 req,200,OK,conf #1 users 1-99,text,true,,366,0,154,154,613,0,0
1633653937171,613,conf #1 req,200,OK,conf #1 users 1-100,text,true,,366,0,154,154,613,0,0
1633653937176,615,conf #1 req,200,OK,conf #1 users 1-101,text,true,,366,0,154,154,615,0,0
1633653937180,616,conf #1 req,200,OK,conf #1 users 1-102,text,true,,366,0,155,155,616,0,0
1633653937184,616,conf #1 req,200,OK,conf #1 users 1-103,text,true,,366,0,155,155,616,0,0
1633653937187,617,conf #1 req,200,OK,conf #1 users 1-104,text,true,,366,0,155,155,617,0,0
1633653937191,620,conf #1 req,200,OK,conf #1 users 1-105,text,true,,366,0,155,155,620,0,0
1633653937203,625,conf #1 req,200,OK,conf #1 users 1-108,text,true,,366,0,159,159,625,0,0
1633653937195,633,conf #1 req,200,OK,conf #1 users 1-106,text,true,,366,0,159,159,633,0,0
1633653937199,629,conf #1 req,200,OK,conf #1 users 1-107,text,true,,366,0,159,159,629,0,0
1633653937208,621,conf #1 req,200,OK,conf #1 users 1-109,text,true,,366,0,156,156,621,0,0
1633653937212,622,conf #1 req,200,OK,conf #1 users 1-110,text,true,,366,0,156,156,622,0,0
1633653937216,624,conf #1 req,200,OK,conf #1 users 1-111,text,true,,366,0,156,156,624,0,0
1633653937219,625,conf #1 req,200,OK,conf #1 users 1-112,text,true,,366,0,157,157,625,0,0
1633653937223,625,conf #1 req,200,OK,conf #1 users 1-113,text,true,,366,0,157,157,625,0,0
1633653937228,627,conf #1 req,200,OK,conf #1 users 1-114,text,true,,366,0,158,158,627,0,0
1633653937232,629,conf #1 req,200,OK,conf #1 users 1-115,text,true,,366,0,158,158,629,0,0
1633653937236,631,conf #1 req,200,OK,conf #1 users 1-116,text,true,,366,0,158,158,631,0,0
1633653937239,632,conf #1 req,200,OK,conf #1 users 1-117,text,true,,366,0,158,158,632,0,0
1633653937243,637,conf #1 req,200,OK,conf #1 users 1-118,text,true,,366,0,160,160,637,0,0
1633653937248,806,conf #1 req,200,OK,conf #1 users 1-119,text,true,,366,0,202,202,806,0,0
1633653937252,805,conf #1 req,200,OK,conf #1 users 1-120,text,true,,366,0,202,202,805,0,0
1633653937256,803,conf #1 req,200,OK,conf #1 users 1-121,text,true,,366,0,202,202,803,0,0
1633653937259,801,conf #1 req,200,OK,conf #1 users 1-122,text,true,,366,0,201,201,801,0,0
1633653937263,800,conf #1 req,200,OK,conf #1 users 1-123,text,true,,366,0,200,200,800,0,0
1633653937268,797,conf #1 req,200,OK,conf #1 users 1-124,text,true,,366,0,200,200,797,0,0
1633653937272,796,conf #1 req,200,OK,conf #1 users 1-125,text,true,,366,0,199,199,796,0,0
1633653937276,793,conf #1 req,200,OK,conf #1 users 1-126,text,true,,366,0,199,199,793,0,0
1633653937279,792,conf #1 req,200,OK,conf #1 users 1-127,text,true,,366,0,199,199,792,0,0
1633653937283,790,conf #1 req,200,OK,conf #1 users 1-128,text,true,,366,0,198,198,790,0,0
1633653937288,787,conf #1 req,200,OK,conf #1 users 1-129,text,true,,366,0,198,198,787,0,0
1633653937427,651,conf #1 req,200,OK,conf #1 users 1-164,text,true,,366,0,197,197,651,0,0
1633653937292,787,conf #1 req,200,OK,conf #1 users 1-130,text,true,,366,0,196,196,787,0,0
1633653937295,787,conf #1 req,200,OK,conf #1 users 1-131,text,true,,366,0,196,196,787,0,0
1633653937299,789,conf #1 req,200,OK,conf #1 users 1-132,text,true,,366,0,197,197,789,0,0
1633653937303,785,conf #1 req,200,OK,conf #1 users 1-133,text,true,,366,0,197,197,785,0,0
1633653937308,780,conf #1 req,200,OK,conf #1 users 1-134,text,true,,366,0,195,195,780,0,0
1633653937312,779,conf #1 req,200,OK,conf #1 users 1-135,text,true,,366,0,194,194,779,0,0
1633653937315,777,conf #1 req,200,OK,conf #1 users 1-136,text,true,,366,0,194,194,777,0,0
1633653937319,776,conf #1 req,200,OK,conf #1 users 1-137,text,true,,366,0,193,193,776,0,0
1633653937323,775,conf #1 req,200,OK,conf #1 users 1-138,text,true,,366,0,193,193,775,0,0
1633653937328,773,conf #1 req,200,OK,conf #1 users 1-139,text,true,,366,0,193,193,773,0,0
1633653937332,771,conf #1 req,200,OK,conf #1 users 1-140,text,true,,366,0,192,192,771,0,0
1633653937335,770,conf #1 req,200,OK,conf #1 users 1-141,text,true,,366,0,192,192,770,0,0
1633653937339,770,conf #1 req,200,OK,conf #1 users 1-142,text,true,,366,0,192,192,770,0,0
1633653937431,679,conf #1 req,200,OK,conf #1 users 1-165,text,true,,366,0,191,191,679,0,0
1633653937343,770,conf #1 req,200,OK,conf #1 users 1-143,text,true,,366,0,191,191,770,0,0
1633653937348,766,conf #1 req,200,OK,conf #1 users 1-144,text,true,,366,0,190,190,766,0,0
1633653937352,764,conf #1 req,200,OK,conf #1 users 1-145,text,true,,366,0,190,190,764,0,0
1633653937355,765,conf #1 req,200,OK,conf #1 users 1-146,text,true,,366,0,190,190,765,0,0
1633653937359,762,conf #1 req,200,OK,conf #1 users 1-147,text,true,,366,0,189,189,762,0,0
1633653937435,689,conf #1 req,200,OK,conf #1 users 1-166,text,true,,366,0,189,189,689,0,0
1633653937363,764,conf #1 req,200,OK,conf #1 users 1-148,text,true,,366,0,188,188,764,0,0
1633653937367,762,conf #1 req,200,OK,conf #1 users 1-149,text,true,,366,0,188,188,762,0,0
1633653937372,761,conf #1 req,200,OK,conf #1 users 1-150,text,true,,366,0,188,188,761,0,0
1633653937376,759,conf #1 req,200,OK,conf #1 users 1-151,text,true,,366,0,187,187,759,0,0
1633653937380,757,conf #1 req,200,OK,conf #1 users 1-152,text,true,,366,0,187,187,757,0,0
1633653937383,757,conf #1 req,200,OK,conf #1 users 1-153,text,true,,366,0,187,187,757,0,0
1633653937387,762,conf #1 req,200,OK,conf #1 users 1-154,text,true,,366,0,188,188,762,0,0
1633653937439,712,conf #1 req,200,OK,conf #1 users 1-167,text,true,,366,0,188,188,712,0,0
1633653937392,762,conf #1 req,200,OK,conf #1 users 1-155,text,true,,366,0,187,187,762,0,0
1633653937396,760,conf #1 req,200,OK,conf #1 users 1-156,text,true,,366,0,187,187,760,0,0
1633653937400,760,conf #1 req,200,OK,conf #1 users 1-157,text,true,,366,0,187,187,760,0,0
1633653937403,760,conf #1 req,200,OK,conf #1 users 1-158,text,true,,366,0,186,186,760,0,0
1633653937407,759,conf #1 req,200,OK,conf #1 users 1-159,text,true,,366,0,186,186,759,0,0
1633653937455,714,conf #1 req,200,OK,conf #1 users 1-171,text,true,,366,0,186,186,714,0,0
1633653937448,722,conf #1 req,200,OK,conf #1 users 1-169,text,true,,366,0,185,185,722,0,0
1633653937451,722,conf #1 req,200,OK,conf #1 users 1-170,text,true,,366,0,185,185,722,0,0
1633653937444,732,conf #1 req,200,OK,conf #1 users 1-168,text,true,,366,0,185,185,732,0,0
1633653937411,767,conf #1 req,200,OK,conf #1 users 1-160,text,true,,366,0,184,184,767,0,0
1633653937416,764,conf #1 req,200,OK,conf #1 users 1-161,text,true,,366,0,184,184,764,0,0
1633653937420,764,conf #1 req,200,OK,conf #1 users 1-162,text,true,,366,0,184,184,764,0,0
1633653937424,764,conf #1 req,200,OK,conf #1 users 1-163,text,true,,366,0,184,184,764,0,0
1633653937459,730,conf #1 req,200,OK,conf #1 users 1-172,text,true,,366,0,183,183,730,0,0
1633653937463,731,conf #1 req,200,OK,conf #1 users 1-173,text,true,,366,0,183,183,731,0,0
1633653937468,732,conf #1 req,200,OK,conf #1 users 1-174,text,true,,366,0,183,183,732,0,0
1633653937472,734,conf #1 req,200,OK,conf #1 users 1-175,text,true,,366,0,184,184,734,0,0
1633653937476,737,conf #1 req,200,OK,conf #1 users 1-176,text,true,,366,0,185,185,737,0,0
1633653937479,740,conf #1 req,200,OK,conf #1 users 1-177,text,true,,366,0,185,185,740,0,0
1633653937483,741,conf #1 req,200,OK,conf #1 users 1-178,text,true,,366,0,186,186,741,0,0
1633653937487,748,conf #1 req,200,OK,conf #1 users 1-179,text,true,,366,0,187,187,748,0,0
1633653937492,750,conf #1 req,200,OK,conf #1 users 1-180,text,true,,366,0,188,188,750,0,0
1633653937496,755,conf #1 req,200,OK,conf #1 users 1-181,text,true,,366,0,189,189,755,0,0
1633653937500,759,conf #1 req,200,OK,conf #1 users 1-182,text,true,,366,0,191,191,759,0,0
1633653937504,761,conf #1 req,200,OK,conf #1 users 1-183,text,true,,366,0,191,191,761,0,0
1633653937507,765,conf #1 req,200,OK,conf #1 users 1-184,text,true,,366,0,192,192,765,0,0
1633653937511,769,conf #1 req,200,OK,conf #1 users 1-185,text,true,,366,0,193,193,769,0,0
1633653937523,995,conf #1 req,200,OK,conf #1 users 1-188,text,true,,366,0,251,251,995,0,0
1633653937547,971,conf #1 req,200,OK,conf #1 users 1-194,text,true,,366,0,251,251,971,0,0
1633653937567,951,conf #1 req,200,OK,conf #1 users 1-199,text,true,,366,0,251,251,951,0,0
1633653937519,999,conf #1 req,200,OK,conf #1 users 1-187,text,true,,366,0,251,251,999,0,0
1633653937515,1003,conf #1 req,200,OK,conf #1 users 1-186,text,true,,366,0,251,251,1003,0,0
1633653937527,991,conf #1 req,200,OK,conf #1 users 1-189,text,true,,366,0,251,251,991,0,0
1633653937536,982,conf #1 req,200,OK,conf #1 users 1-191,text,true,,366,0,251,251,982,0,0
1633653937532,986,conf #1 req,200,OK,conf #1 users 1-190,text,true,,366,0,251,251,986,0,0
1633653937540,978,conf #1 req,200,OK,conf #1 users 1-192,text,true,,366,0,247,247,978,0,0
1633653937543,975,conf #1 req,200,OK,conf #1 users 1-193,text,true,,366,0,246,246,975,0,0
1633653937551,968,conf #1 req,200,OK,conf #1 users 1-195,text,true,,366,0,242,242,968,0,0
1633653937555,964,conf #1 req,200,OK,conf #1 users 1-196,text,true,,366,0,241,241,964,0,0
1633653937563,956,conf #1 req,200,OK,conf #1 users 1-198,text,true,,366,0,241,241,956,0,0
1633653937559,960,conf #1 req,200,OK,conf #1 users 1-197,text,true,,366,0,240,240,960,0,0
1633653937571,948,conf #1 req,200,OK,conf #1 users 1-200,text,true,,366,0,237,237,948,0,0
1633653937580,945,conf #1 req,200,OK,conf #1 users 1-202,text,true,,366,0,238,238,945,0,0
1633653937588,937,conf #1 req,200,OK,conf #1 users 1-204,text,true,,366,0,238,238,937,0,0
1633653937591,934,conf #1 req,200,OK,conf #1 users 1-205,text,true,,366,0,238,238,934,0,0
1633653937619,906,conf #1 req,200,OK,conf #1 users 1-212,text,true,,366,0,238,238,906,0,0
1633653937576,949,conf #1 req,200,OK,conf #1 users 1-201,text,true,,366,0,238,238,949,0,0
1633653937595,930,conf #1 req,200,OK,conf #1 users 1-206,text,true,,366,0,238,238,930,0,0
1633653937616,909,conf #1 req,200,OK,conf #1 users 1-211,text,true,,366,0,238,238,909,0,0
1633653937607,918,conf #1 req,200,OK,conf #1 users 1-209,text,true,,366,0,237,237,918,0,0
1633653937603,922,conf #1 req,200,OK,conf #1 users 1-208,text,true,,366,0,237,237,922,0,0
1633653937636,890,conf #1 req,200,OK,conf #1 users 1-216,text,true,,366,0,231,231,890,0,0
1633653937584,942,conf #1 req,200,OK,conf #1 users 1-203,text,true,,366,0,231,231,942,0,0
1633653937612,914,conf #1 req,200,OK,conf #1 users 1-210,text,true,,366,0,231,231,914,0,0
1633653937623,903,conf #1 req,200,OK,conf #1 users 1-213,text,true,,366,0,229,229,903,0,0
1633653937632,894,conf #1 req,200,OK,conf #1 users 1-215,text,true,,366,0,229,229,894,0,0
1633653937599,927,conf #1 req,200,OK,conf #1 users 1-207,text,true,,366,0,229,229,927,0,0
1633653937627,903,conf #1 req,200,OK,conf #1 users 1-214,text,true,,366,0,224,224,903,0,0
1633653937647,883,conf #1 req,200,OK,conf #1 users 1-219,text,true,,366,0,224,224,883,0,0
1633653937652,879,conf #1 req,200,OK,conf #1 users 1-220,text,true,,366,0,224,224,879,0,0
1633653937656,909,conf #1 req,200,OK,conf #1 users 1-221,text,true,,366,0,230,230,909,0,0
1633653937639,926,conf #1 req,200,OK,conf #1 users 1-217,text,true,,366,0,230,230,926,0,0
1633653937643,922,conf #1 req,200,OK,conf #1 users 1-218,text,true,,366,0,230,230,922,0,0
1633653937660,905,conf #1 req,200,OK,conf #1 users 1-222,text,true,,366,0,230,230,905,0,0
1633653938475,103,conf #1 req,Non HTTP response code: java.net.SocketException,Non HTTP response message: Connection reset,conf #1 users 1-426,text,false,,3252,0,229,229,0,0,0
1633653938479,99,conf #1 req,Non HTTP response code: java.net.SocketException,Non HTTP response message: Connection reset,conf #1 users 1-427,text,false,,3252,0,229,229,0,0,0
1633653938483,96,conf #1 req,Non HTTP response code: java.net.SocketException,Non HTTP response message: Connection reset,conf #1 users 1-428,text,false,,3252,0,227,227,0,0,0
1633653938491,89,conf #1 req,Non HTTP response code: java.net.SocketException,Non HTTP response message: Connection reset,conf #1 users 1-430,text,false,,3137,0,227,227,0,0,0
1633653938487,93,conf #1 req,Non HTTP response code: java.net.SocketException,Non HTTP response message: Connection reset,conf #1 users 1-429,text,false,,3252,0,227,227,0,0,0
1633653937663,918,conf #1 req,200,OK,conf #1 users 1-223,text,true,,366,0,225,225,918,0,0
1633653937667,914,conf #1 req,200,OK,conf #1 users 1-224,text,true,,366,0,225,225,914,0,0
1633653937671,910,conf #1 req,200,OK,conf #1 users 1-225,text,true,,366,0,225,225,910,0,0
1633653938496,85,conf #1 req,Non HTTP response code: java.net.SocketException,Non HTTP response message: Connection reset,conf #1 users 1-431,text,false,,3137,0,223,223,0,0,0
1633653938500,85,conf #1 req,Non HTTP response code: java.net.SocketException,Non HTTP response message: Connection reset,conf #1 users 1-432,text,false,,3137,0,222,222,0,0,0
1633653938503,83,conf #1 req,Non HTTP response code: java.net.SocketException,Non HTTP response message: Connection reset,conf #1 users 1-433,text,false,,3137,0,221,221,0,0,0
1633653938508,79,conf #1 req,Non HTTP response code: java.net.SocketException,Non HTTP response message: Connection reset,conf #1 users 1-434,text,false,,3137,0,220,220,0,0,0
1633653937687,901,conf #1 req,200,OK,conf #1 users 1-229,text,true,,366,0,220,220,901,0,0
1633653937676,912,conf #1 req,200,OK,conf #1 users 1-226,text,true,,366,0,220,220,912,0,0
1633653937683,905,conf #1 req,200,OK,conf #1 users 1-228,text,true,,366,0,220,220,905,0,0
1633653937691,897,conf #1 req,200,OK,conf #1 users 1-230,text,true,,366,0,220,220,897,0,0
1633653937695,893,conf #1 req,200,OK,conf #1 users 1-231,text,true,,366,0,217,217,893,0,0
1633653937700,889,conf #1 req,200,OK,conf #1 users 1-232,text,true,,366,0,215,215,889,0,0
1633653938511,78,conf #1 req,Non HTTP response code: java.net.SocketException,Non HTTP response message: Connection reset,conf #1 users 1-435,text,false,,3137,0,214,214,0,0,0
1633653937680,921,conf #1 req,200,OK,conf #1 users 1-227,text,true,,366,0,216,216,921,0,0
1633653937704,897,conf #1 req,200,OK,conf #1 users 1-233,text,true,,366,0,215,215,897,0,0
1633653937707,898,conf #1 req,200,OK,conf #1 users 1-234,text,true,,366,0,215,215,898,0,0
1633653937711,902,conf #1 req,200,OK,conf #1 users 1-235,text,true,,366,0,216,216,902,0,0
1633653937715,905,conf #1 req,200,OK,conf #1 users 1-236,text,true,,366,0,217,217,905,0,0
1633653937720,909,conf #1 req,200,OK,conf #1 users 1-237,text,true,,366,0,218,218,909,0,0
1633653937725,921,conf #1 req,200,OK,conf #1 users 1-238,text,true,,366,0,221,221,921,0,0
1633653937731,919,conf #1 req,200,OK,conf #1 users 1-240,text,true,,366,0,221,221,919,0,0
1633653937735,918,conf #1 req,200,OK,conf #1 users 1-241,text,true,,366,0,221,221,918,0,0
1633653937728,930,conf #1 req,200,OK,conf #1 users 1-239,text,true,,366,0,221,221,930,0,0
1633653937739,925,conf #1 req,200,OK,conf #1 users 1-242,text,true,,366,0,222,222,925,0,0
1633653937748,930,conf #1 req,200,OK,conf #1 users 1-244,text,true,,366,0,224,224,930,0,0
1633653937752,933,conf #1 req,200,OK,conf #1 users 1-245,text,true,,366,0,225,225,933,0,0
1633653937744,947,conf #1 req,200,OK,conf #1 users 1-243,text,true,,366,0,226,226,947,0,0
1633653937759,942,conf #1 req,200,OK,conf #1 users 1-247,text,true,,366,0,227,227,942,0,0
1633653937755,953,conf #1 req,200,OK,conf #1 users 1-246,text,true,,366,0,228,228,953,0,0
1633653937767,948,conf #1 req,200,OK,conf #1 users 1-249,text,true,,366,0,229,229,948,0,0
1633653937776,951,conf #1 req,200,OK,conf #1 users 1-251,text,true,,366,0,230,230,951,0,0
1633653937780,963,conf #1 req,200,OK,conf #1 users 1-252,text,true,,366,0,233,233,963,0,0
1633653937763,984,conf #1 req,200,OK,conf #1 users 1-248,text,true,,366,0,233,233,984,0,0
1633653937771,990,conf #1 req,200,OK,conf #1 users 1-250,text,true,,366,0,236,236,990,0,0
1633653937784,982,conf #1 req,200,OK,conf #1 users 1-253,text,true,,366,0,236,236,982,0,0
1633653937787,983,conf #1 req,200,OK,conf #1 users 1-254,text,true,,366,0,236,236,983,0,0
1633653937799,976,conf #1 req,200,OK,conf #1 users 1-257,text,true,,366,0,236,236,976,0,0
1633653937792,989,conf #1 req,200,OK,conf #1 users 1-255,text,true,,366,0,235,235,989,0,0
1633653937803,985,conf #1 req,200,OK,conf #1 users 1-258,text,true,,366,0,234,234,985,0,0
1633653937808,988,conf #1 req,200,OK,conf #1 users 1-259,text,true,,366,0,233,233,988,0,0
1633653937795,1008,conf #1 req,200,OK,conf #1 users 1-256,text,true,,366,0,232,232,1008,0,0
1633653937812,1005,conf #1 req,200,OK,conf #1 users 1-260,text,true,,366,0,231,231,1005,0,0
1633653937816,1013,conf #1 req,200,OK,conf #1 users 1-261,text,true,,366,0,230,230,1013,0,0
1633653937832,1002,conf #1 req,200,OK,conf #1 users 1-265,text,true,,366,0,229,229,1002,0,0
1633653937819,1020,conf #1 req,200,OK,conf #1 users 1-262,text,true,,366,0,228,228,1020,0,0
1633653937823,1022,conf #1 req,200,OK,conf #1 users 1-263,text,true,,366,0,227,227,1022,0,0
1633653938732,114,conf #1 req,503,Service is unavailable,conf #1 users 1-490,text,false,,1452,0,226,226,114,0,0
1633653938736,112,conf #1 req,503,Service is unavailable,conf #1 users 1-491,text,false,,1452,0,225,225,112,0,0
1633653937836,1013,conf #1 req,200,OK,conf #1 users 1-266,text,true,,366,0,224,224,1013,0,0
1633653938739,117,conf #1 req,503,Service is unavailable,conf #1 users 1-492,text,false,,1452,0,223,223,117,0,0
1633653938743,113,conf #1 req,503,Service is unavailable,conf #1 users 1-493,text,false,,1452,0,223,223,113,0,0
1633653937827,1031,conf #1 req,200,OK,conf #1 users 1-264,text,true,,366,0,221,221,1031,0,0
1633653938747,111,conf #1 req,503,Service is unavailable,conf #1 users 1-494,text,false,,1452,0,220,220,111,0,0
1633653937840,1020,conf #1 req,200,OK,conf #1 users 1-267,text,true,,366,0,219,219,1020,0,0
1633653938752,116,conf #1 req,503,Service is unavailable,conf #1 users 1-495,text,false,,1452,0,218,218,116,0,0
1633653938756,112,conf #1 req,503,Service is unavailable,conf #1 users 1-496,text,false,,1452,0,217,217,112,0,0
1633653937844,1025,conf #1 req,200,OK,conf #1 users 1-268,text,true,,366,0,216,216,1025,0,0
1633653938763,109,conf #1 req,503,Service is unavailable,conf #1 users 1-498,text,false,,1452,0,215,215,109,0,0
1633653938767,109,conf #1 req,503,Service is unavailable,conf #1 users 1-499,text,false,,1452,0,214,214,109,0,0
1633653938760,116,conf #1 req,503,Service is unavailable,conf #1 users 1-497,text,false,,1452,0,214,214,116,0,0
1633653937847,1031,conf #1 req,200,OK,conf #1 users 1-269,text,true,,366,0,212,212,1031,0,0
1633653938771,107,conf #1 req,503,Service is unavailable,conf #1 users 1-500,text,false,,1452,0,211,211,107,0,0
1633653937851,1036,conf #1 req,200,OK,conf #1 users 1-270,text,true,,366,0,210,210,1036,0,0
1633653937855,1039,conf #1 req,200,OK,conf #1 users 1-271,text,true,,366,0,209,209,1039,0,0
1633653937859,1046,conf #1 req,200,OK,conf #1 users 1-272,text,true,,366,0,208,208,1046,0,0
1633653937863,1049,conf #1 req,200,OK,conf #1 users 1-273,text,true,,366,0,207,207,1049,0,0
1633653937867,1050,conf #1 req,200,OK,conf #1 users 1-274,text,true,,366,0,206,206,1050,0,0
1633653937871,1057,conf #1 req,200,OK,conf #1 users 1-275,text,true,,366,0,205,205,1057,0,0
1633653937876,1059,conf #1 req,200,OK,conf #1 users 1-276,text,true,,366,0,204,204,1059,0,0
1633653937884,1066,conf #1 req,200,OK,conf #1 users 1-278,text,true,,366,0,203,203,1066,0,0
1633653937880,1075,conf #1 req,200,OK,conf #1 users 1-277,text,true,,366,0,202,202,1075,0,0
1633653937887,1078,conf #1 req,200,OK,conf #1 users 1-279,text,true,,366,0,201,201,1078,0,0
1633653937892,1082,conf #1 req,200,OK,conf #1 users 1-280,text,true,,366,0,200,200,1082,0,0
1633653937895,1088,conf #1 req,200,OK,conf #1 users 1-281,text,true,,366,0,199,199,1088,0,0
1633653937899,1092,conf #1 req,200,OK,conf #1 users 1-282,text,true,,366,0,198,198,1092,0,0
1633653937903,1097,conf #1 req,200,OK,conf #1 users 1-283,text,true,,366,0,197,197,1097,0,0
1633653937907,1102,conf #1 req,200,OK,conf #1 users 1-284,text,true,,366,0,196,196,1102,0,0
1633653937911,1106,conf #1 req,200,OK,conf #1 users 1-285,text,true,,366,0,195,195,1106,0,0
1633653937916,1110,conf #1 req,200,OK,conf #1 users 1-286,text,true,,366,0,194,194,1110,0,0
1633653937919,1115,conf #1 req,200,OK,conf #1 users 1-287,text,true,,366,0,193,193,1115,0,0
1633653937924,1120,conf #1 req,200,OK,conf #1 users 1-288,text,true,,366,0,192,192,1120,0,0
1633653937927,1126,conf #1 req,200,OK,conf #1 users 1-289,text,true,,366,0,191,191,1126,0,0
1633653937931,1131,conf #1 req,200,OK,conf #1 users 1-290,text,true,,366,0,190,190,1131,0,0
1633653937935,1135,conf #1 req,200,OK,conf #1 users 1-291,text,true,,366,0,189,189,1135,0,0
1633653937939,1140,conf #1 req,200,OK,conf #1 users 1-292,text,true,,366,0,188,188,1140,0,0
1633653937944,1144,conf #1 req,200,OK,conf #1 users 1-293,text,true,,366,0,187,187,1144,0,0
1633653937948,1150,conf #1 req,200,OK,conf #1 users 1-294,text,true,,366,0,186,186,1150,0,0
1633653937952,1154,conf #1 req,200,OK,conf #1 users 1-295,text,true,,366,0,185,185,1154,0,0
1633653937955,1160,conf #1 req,200,OK,conf #1 users 1-296,text,true,,366,0,184,184,1160,0,0
1633653937959,1166,conf #1 req,200,OK,conf #1 users 1-297,text,true,,366,0,183,183,1166,0,0
1633653937963,1171,conf #1 req,200,OK,conf #1 users 1-298,text,true,,366,0,182,182,1171,0,0
1633653937967,1176,conf #1 req,200,OK,conf #1 users 1-299,text,true,,366,0,181,181,1176,0,0
1633653937971,1181,conf #1 req,200,OK,conf #1 users 1-300,text,true,,366,0,180,180,1181,0,0
1633653937976,1188,conf #1 req,200,OK,conf #1 users 1-301,text,true,,366,0,179,179,1188,0,0
1633653937979,1192,conf #1 req,200,OK,conf #1 users 1-302,text,true,,366,0,178,178,1192,0,0
1633653937984,1197,conf #1 req,200,OK,conf #1 users 1-303,text,true,,366,0,177,177,1197,0,0
1633653937987,1202,conf #1 req,200,OK,conf #1 users 1-304,text,true,,366,0,176,176,1202,0,0
1633653937991,1208,conf #1 req,200,OK,conf #1 users 1-305,text,true,,366,0,175,175,1208,0,0
1633653937995,1213,conf #1 req,200,OK,conf #1 users 1-306,text,true,,366,0,174,174,1213,0,0
1633653937999,1220,conf #1 req,200,OK,conf #1 users 1-307,text,true,,366,0,173,173,1220,0,0
1633653938004,1223,conf #1 req,200,OK,conf #1 users 1-308,text,true,,366,0,172,172,1223,0,0
1633653938008,1228,conf #1 req,200,OK,conf #1 users 1-309,text,true,,366,0,171,171,1228,0,0
1633653938011,1234,conf #1 req,200,OK,conf #1 users 1-310,text,true,,366,0,170,170,1234,0,0
1633653938016,1240,conf #1 req,200,OK,conf #1 users 1-311,text,true,,366,0,169,169,1240,0,0
1633653938019,1247,conf #1 req,200,OK,conf #1 users 1-312,text,true,,366,0,168,168,1247,0,0
1633653938023,1252,conf #1 req,200,OK,conf #1 users 1-313,text,true,,366,0,167,167,1252,0,0
1633653938027,1258,conf #1 req,200,OK,conf #1 users 1-314,text,true,,366,0,166,166,1258,0,0
1633653938032,1263,conf #1 req,200,OK,conf #1 users 1-315,text,true,,366,0,165,165,1263,0,0
1633653938035,1269,conf #1 req,200,OK,conf #1 users 1-316,text,true,,366,0,164,164,1269,0,0
1633653938040,1275,conf #1 req,200,OK,conf #1 users 1-317,text,true,,366,0,163,163,1275,0,0
1633653938043,1281,conf #1 req,200,OK,conf #1 users 1-318,text,true,,366,0,162,162,1281,0,0
1633653938047,1287,conf #1 req,200,OK,conf #1 users 1-319,text,true,,366,0,161,161,1287,0,0
1633653938056,1287,conf #1 req,200,OK,conf #1 users 1-321,text,true,,366,0,160,160,1287,0,0
1633653938052,1297,conf #1 req,200,OK,conf #1 users 1-320,text,true,,366,0,159,159,1297,0,0
1633653938059,1299,conf #1 req,200,OK,conf #1 users 1-322,text,true,,366,0,158,158,1299,0,0
1633653938064,1306,conf #1 req,200,OK,conf #1 users 1-323,text,true,,366,0,157,157,1306,0,0
1633653938068,1312,conf #1 req,200,OK,conf #1 users 1-324,text,true,,366,0,156,156,1312,0,0
1633653938071,1318,conf #1 req,200,OK,conf #1 users 1-325,text,true,,366,0,155,155,1318,0,0
1633653938075,1325,conf #1 req,200,OK,conf #1 users 1-326,text,true,,366,0,154,154,1325,0,0
1633653938079,1330,conf #1 req,200,OK,conf #1 users 1-327,text,true,,366,0,153,153,1330,0,0
1633653938083,1339,conf #1 req,200,OK,conf #1 users 1-328,text,true,,366,0,152,152,1339,0,0
1633653938087,1345,conf #1 req,200,OK,conf #1 users 1-329,text,true,,366,0,151,151,1345,0,0
1633653938091,1349,conf #1 req,200,OK,conf #1 users 1-330,text,true,,366,0,150,150,1349,0,0
1633653938095,1358,conf #1 req,200,OK,conf #1 users 1-331,text,true,,366,0,149,149,1358,0,0
1633653938099,1363,conf #1 req,200,OK,conf #1 users 1-332,text,true,,366,0,148,148,1363,0,0
1633653938103,1370,conf #1 req,200,OK,conf #1 users 1-333,text,true,,366,0,147,147,1370,0,0
1633653938107,1377,conf #1 req,200,OK,conf #1 users 1-334,text,true,,366,0,146,146,1377,0,0
1633653938112,1382,conf #1 req,200,OK,conf #1 users 1-335,text,true,,366,0,145,145,1382,0,0
1633653938116,1389,conf #1 req,200,OK,conf #1 users 1-336,text,true,,366,0,144,144,1389,0,0
1633653938120,1395,conf #1 req,200,OK,conf #1 users 1-337,text,true,,366,0,143,143,1395,0,0
1633653938123,1402,conf #1 req,200,OK,conf #1 users 1-338,text,true,,366,0,142,142,1402,0,0
1633653938128,1409,conf #1 req,200,OK,conf #1 users 1-339,text,true,,366,0,141,141,1409,0,0
1633653938131,1416,conf #1 req,200,OK,conf #1 users 1-340,text,true,,366,0,140,140,1416,0,0
1633653938135,1422,conf #1 req,200,OK,conf #1 users 1-341,text,true,,366,0,139,139,1422,0,0
1633653938139,1431,conf #1 req,200,OK,conf #1 users 1-342,text,true,,366,0,138,138,1431,0,0
1633653938143,1437,conf #1 req,200,OK,conf #1 users 1-343,text,true,,366,0,137,137,1437,0,0
1633653938147,1445,conf #1 req,200,OK,conf #1 users 1-344,text,true,,366,0,136,136,1445,0,0
1633653938151,1452,conf #1 req,200,OK,conf #1 users 1-345,text,true,,366,0,135,135,1452,0,0
1633653938155,1459,conf #1 req,200,OK,conf #1 users 1-346,text,true,,366,0,134,134,1459,0,0
1633653938159,1466,conf #1 req,200,OK,conf #1 users 1-347,text,true,,366,0,133,133,1466,0,0
1633653938164,1472,conf #1 req,200,OK,conf #1 users 1-348,text,true,,366,0,132,132,1472,0,0
1633653938167,1480,conf #1 req,200,OK,conf #1 users 1-349,text,true,,366,0,131,131,1480,0,0
1633653938172,1487,conf #1 req,200,OK,conf #1 users 1-350,text,true,,366,0,130,130,1487,0,0
1633653938175,1494,conf #1 req,200,OK,conf #1 users 1-351,text,true,,366,0,129,129,1494,0,0
1633653938179,1503,conf #1 req,200,OK,conf #1 users 1-352,text,true,,366,0,128,128,1503,0,0
1633653938183,1510,conf #1 req,200,OK,conf #1 users 1-353,text,true,,366,0,127,127,1510,0,0
1633653938187,1518,conf #1 req,200,OK,conf #1 users 1-354,text,true,,366,0,126,126,1518,0,0
1633653938192,1524,conf #1 req,200,OK,conf #1 users 1-355,text,true,,366,0,125,125,1524,0,0
1633653938196,1532,conf #1 req,200,OK,conf #1 users 1-356,text,true,,366,0,124,124,1532,0,0
1633653938200,1540,conf #1 req,200,OK,conf #1 users 1-357,text,true,,366,0,123,123,1540,0,0
1633653938203,1548,conf #1 req,200,OK,conf #1 users 1-358,text,true,,366,0,122,122,1548,0,0
1633653938207,1556,conf #1 req,200,OK,conf #1 users 1-359,text,true,,366,0,121,121,1556,0,0
1633653938212,1564,conf #1 req,200,OK,conf #1 users 1-360,text,true,,366,0,120,120,1564,0,0
1633653938216,1571,conf #1 req,200,OK,conf #1 users 1-361,text,true,,366,0,119,119,1571,0,0
1633653938219,1580,conf #1 req,200,OK,conf #1 users 1-362,text,true,,366,0,118,118,1579,0,0
1633653938223,1588,conf #1 req,200,OK,conf #1 users 1-363,text,true,,366,0,117,117,1588,0,0
1633653938227,1599,conf #1 req,200,OK,conf #1 users 1-364,text,true,,366,0,116,116,1599,0,0
1633653938232,1605,conf #1 req,200,OK,conf #1 users 1-365,text,true,,366,0,115,115,1605,0,0
1633653938235,1615,conf #1 req,200,OK,conf #1 users 1-366,text,true,,366,0,114,114,1615,0,0
1633653938243,1621,conf #1 req,200,OK,conf #1 users 1-368,text,true,,366,0,113,113,1621,0,0
1633653938240,1643,conf #1 req,200,OK,conf #1 users 1-367,text,true,,366,0,112,112,1643,0,0
1633653938251,1640,conf #1 req,200,OK,conf #1 users 1-370,text,true,,366,0,111,111,1640,0,0
1633653938264,1647,conf #1 req,200,OK,conf #1 users 1-373,text,true,,366,0,110,110,1647,0,0
1633653938267,1656,conf #1 req,200,OK,conf #1 users 1-374,text,true,,366,0,109,109,1656,0,0
1633653938248,1686,conf #1 req,200,OK,conf #1 users 1-369,text,true,,366,0,108,108,1686,0,0
1633653938256,1689,conf #1 req,200,OK,conf #1 users 1-371,text,true,,366,0,107,107,1689,0,0
1633653938275,1683,conf #1 req,200,OK,conf #1 users 1-376,text,true,,366,0,106,106,1683,0,0
1633653938259,1707,conf #1 req,200,OK,conf #1 users 1-372,text,true,,366,0,105,105,1707,0,0
1633653938283,1697,conf #1 req,200,OK,conf #1 users 1-378,text,true,,366,0,104,104,1697,0,0
1633653938271,2069,conf #1 req,200,OK,conf #1 users 1-375,text,true,,366,0,103,103,2069,0,0
1633653938291,2049,conf #1 req,200,OK,conf #1 users 1-380,text,true,,366,0,103,103,2049,0,0
1633653938312,2028,conf #1 req,200,OK,conf #1 users 1-385,text,true,,366,0,103,103,2028,0,0
1633653938323,2017,conf #1 req,200,OK,conf #1 users 1-388,text,true,,366,0,103,103,2017,0,0
1633653938319,2021,conf #1 req,200,OK,conf #1 users 1-387,text,true,,366,0,103,103,2021,0,0
1633653938359,1981,conf #1 req,200,OK,conf #1 users 1-397,text,true,,366,0,103,103,1981,0,0
1633653938308,2032,conf #1 req,200,OK,conf #1 users 1-384,text,true,,366,0,103,103,2032,0,0
1633653938304,2036,conf #1 req,200,OK,conf #1 users 1-383,text,true,,366,0,103,103,2036,0,0
1633653938347,1993,conf #1 req,200,OK,conf #1 users 1-394,text,true,,366,0,101,101,1993,0,0
1633653938339,2001,conf #1 req,200,OK,conf #1 users 1-392,text,true,,366,0,100,100,2001,0,0
1633653938328,2012,conf #1 req,200,OK,conf #1 users 1-389,text,true,,366,0,97,97,2012,0,0
1633653938367,1973,conf #1 req,200,OK,conf #1 users 1-399,text,true,,366,0,97,97,1973,0,0
1633653938343,2009,conf #1 req,200,OK,conf #1 users 1-393,text,true,,366,0,91,91,2009,0,0
1633653938280,2080,conf #1 req,200,OK,conf #1 users 1-377,text,true,,366,0,90,90,2080,0,0
1633653938364,2006,conf #1 req,200,OK,conf #1 users 1-398,text,true,,366,0,89,89,2006,0,0
1633653938288,2092,conf #1 req,200,OK,conf #1 users 1-379,text,true,,366,0,88,88,2092,0,0
1633653938351,2039,conf #1 req,200,OK,conf #1 users 1-395,text,true,,366,0,87,87,2039,0,0
1633653938336,2065,conf #1 req,200,OK,conf #1 users 1-391,text,true,,366,0,86,86,2065,0,0
1633653938356,2055,conf #1 req,200,OK,conf #1 users 1-396,text,true,,366,0,85,85,2055,0,0
1633653938295,2126,conf #1 req,200,OK,conf #1 users 1-381,text,true,,366,0,84,84,2126,0,0
1633653938332,2100,conf #1 req,200,OK,conf #1 users 1-390,text,true,,366,0,83,83,2100,0,0
1633653938395,2048,conf #1 req,200,OK,conf #1 users 1-406,text,true,,366,0,82,82,2048,0,0
1633653938519,1934,conf #1 req,200,OK,conf #1 users 1-437,text,true,,366,0,81,81,1934,0,0
1633653938376,2089,conf #1 req,200,OK,conf #1 users 1-401,text,true,,366,0,80,80,2089,0,0
1633653938400,2075,conf #1 req,200,OK,conf #1 users 1-407,text,true,,366,0,79,79,2075,0,0
1633653938387,2099,conf #1 req,200,OK,conf #1 users 1-404,text,true,,366,0,78,78,2099,0,0
1633653938523,1975,conf #1 req,200,OK,conf #1 users 1-438,text,true,,366,0,77,77,1975,0,0
1633653938371,2138,conf #1 req,200,OK,conf #1 users 1-400,text,true,,366,0,76,76,2138,0,0
1633653938379,2141,conf #1 req,200,OK,conf #1 users 1-402,text,true,,366,0,75,75,2141,0,0
1633653938384,2147,conf #1 req,200,OK,conf #1 users 1-403,text,true,,366,0,74,74,2147,0,0
1633653938315,2228,conf #1 req,200,OK,conf #1 users 1-386,text,true,,366,0,73,73,2228,0,0
1633653938299,2254,conf #1 req,200,OK,conf #1 users 1-382,text,true,,366,0,72,72,2254,0,0
1633653938428,2136,conf #1 req,200,OK,conf #1 users 1-414,text,true,,366,0,71,71,2136,0,0
1633653938391,2185,conf #1 req,200,OK,conf #1 users 1-405,text,true,,366,0,70,70,2185,0,0
1633653938424,2164,conf #1 req,200,OK,conf #1 users 1-413,text,true,,366,0,69,69,2164,0,0
1633653938419,2180,conf #1 req,200,OK,conf #1 users 1-412,text,true,,366,0,68,68,2180,0,0
1633653938459,2151,conf #1 req,200,OK,conf #1 users 1-422,text,true,,366,0,67,67,2151,0,0
1633653938444,2178,conf #1 req,200,OK,conf #1 users 1-418,text,true,,366,0,66,66,2178,0,0
1633653938415,2219,conf #1 req,200,OK,conf #1 users 1-411,text,true,,366,0,65,65,2219,0,0
1633653938451,2195,conf #1 req,200,OK,conf #1 users 1-420,text,true,,366,0,64,64,2195,0,0
1633653938408,2250,conf #1 req,200,OK,conf #1 users 1-409,text,true,,366,0,63,63,2250,0,0
1633653938439,2231,conf #1 req,200,OK,conf #1 users 1-417,text,true,,366,0,62,62,2231,0,0
1633653938464,2219,conf #1 req,200,OK,conf #1 users 1-423,text,true,,366,0,61,61,2219,0,0
1633653938455,2239,conf #1 req,200,OK,conf #1 users 1-421,text,true,,366,0,60,60,2239,0,0
1633653938403,2303,conf #1 req,200,OK,conf #1 users 1-408,text,true,,366,0,59,59,2303,0,0
1633653938468,2250,conf #1 req,200,OK,conf #1 users 1-424,text,true,,366,0,58,58,2250,0,0
1633653938447,2284,conf #1 req,200,OK,conf #1 users 1-419,text,true,,366,0,57,57,2284,0,0
1633653938431,2312,conf #1 req,200,OK,conf #1 users 1-415,text,true,,366,0,56,56,2312,0,0
1633653938435,2321,conf #1 req,200,OK,conf #1 users 1-416,text,true,,366,0,55,55,2321,0,0
1633653938411,2359,conf #1 req,200,OK,conf #1 users 1-410,text,true,,366,0,54,54,2359,0,0
1633653938472,2310,conf #1 req,200,OK,conf #1 users 1-425,text,true,,366,0,53,53,2310,0,0
1633653938531,2265,conf #1 req,200,OK,conf #1 users 1-440,text,true,,366,0,52,52,2265,0,0
1633653938544,2265,conf #1 req,200,OK,conf #1 users 1-443,text,true,,366,0,51,51,2265,0,0
1633653938539,2283,conf #1 req,200,OK,conf #1 users 1-442,text,true,,366,0,50,50,2283,0,0
1633653938535,2300,conf #1 req,200,OK,conf #1 users 1-441,text,true,,366,0,49,49,2300,0,0
1633653938527,2323,conf #1 req,200,OK,conf #1 users 1-439,text,true,,366,0,48,48,2323,0,0
1633653938548,2314,conf #1 req,200,OK,conf #1 users 1-444,text,true,,366,0,47,47,2314,0,0
1633653938579,2331,conf #1 req,200,OK,conf #1 users 1-452,text,true,,366,0,46,46,2331,0,0
1633653938575,2348,conf #1 req,200,OK,conf #1 users 1-451,text,true,,366,0,45,45,2348,0,0
1633653938571,2366,conf #1 req,200,OK,conf #1 users 1-450,text,true,,366,0,44,44,2366,0,0
1633653938588,2364,conf #1 req,200,OK,conf #1 users 1-454,text,true,,366,0,43,43,2364,0,0
1633653938567,2397,conf #1 req,200,OK,conf #1 users 1-449,text,true,,366,0,42,42,2397,0,0
1633653938584,2394,conf #1 req,200,OK,conf #1 users 1-453,text,true,,366,0,41,41,2394,0,0
1633653938591,2401,conf #1 req,200,OK,conf #1 users 1-455,text,true,,366,0,40,40,2401,0,0
1633653938596,2415,conf #1 req,200,OK,conf #1 users 1-456,text,true,,366,0,39,39,2415,0,0
1633653938515,2511,conf #1 req,200,OK,conf #1 users 1-436,text,true,,366,0,38,38,2511,0,0
1633653938563,2477,conf #1 req,200,OK,conf #1 users 1-448,text,true,,366,0,37,37,2477,0,0
1633653938559,2496,conf #1 req,200,OK,conf #1 users 1-447,text,true,,366,0,36,36,2496,0,0
1633653938551,2519,conf #1 req,200,OK,conf #1 users 1-445,text,true,,366,0,35,35,2519,0,0
1633653938600,2485,conf #1 req,200,OK,conf #1 users 1-457,text,true,,366,0,34,34,2485,0,0
1633653938556,2544,conf #1 req,200,OK,conf #1 users 1-446,text,true,,366,0,33,33,2544,0,0
1633653938603,2513,conf #1 req,200,OK,conf #1 users 1-458,text,true,,366,0,32,32,2513,0,0
1633653938607,2528,conf #1 req,200,OK,conf #1 users 1-459,text,true,,366,0,31,31,2528,0,0
1633653938611,2542,conf #1 req,200,OK,conf #1 users 1-460,text,true,,366,0,30,30,2542,0,0
1633653938615,2556,conf #1 req,200,OK,conf #1 users 1-461,text,true,,366,0,29,29,2556,0,0
1633653938619,2572,conf #1 req,200,OK,conf #1 users 1-462,text,true,,366,0,28,28,2572,0,0
1633653938623,2587,conf #1 req,200,OK,conf #1 users 1-463,text,true,,366,0,27,27,2587,0,0
1633653938627,2600,conf #1 req,200,OK,conf #1 users 1-464,text,true,,366,0,26,26,2600,0,0
1633653938632,2615,conf #1 req,200,OK,conf #1 users 1-465,text,true,,366,0,25,25,2615,0,0
1633653938636,2697,conf #1 req,200,OK,conf #1 users 1-466,text,true,,366,0,24,24,2697,0,0
1633653938640,2693,conf #1 req,200,OK,conf #1 users 1-467,text,true,,366,0,23,23,2693,0,0
1633653938648,2685,conf #1 req,200,OK,conf #1 users 1-469,text,true,,366,0,23,23,2685,0,0
1633653938643,2690,conf #1 req,200,OK,conf #1 users 1-468,text,true,,366,0,23,23,2690,0,0
1633653938652,2692,conf #1 req,200,OK,conf #1 users 1-470,text,true,,366,0,20,20,2692,0,0
1633653938655,2707,conf #1 req,200,OK,conf #1 users 1-471,text,true,,366,0,19,19,2707,0,0
1633653938659,2722,conf #1 req,200,OK,conf #1 users 1-472,text,true,,366,0,18,18,2722,0,0
1633653938667,2740,conf #1 req,200,OK,conf #1 users 1-474,text,true,,366,0,17,17,2740,0,0
1633653938663,2760,conf #1 req,200,OK,conf #1 users 1-473,text,true,,366,0,16,16,2760,0,0
1633653938671,2776,conf #1 req,200,OK,conf #1 users 1-475,text,true,,366,0,15,15,2776,0,0
1633653938680,2786,conf #1 req,200,OK,conf #1 users 1-477,text,true,,366,0,14,14,2786,0,0
1633653938676,2807,conf #1 req,200,OK,conf #1 users 1-476,text,true,,366,0,13,13,2807,0,0
1633653938688,2820,conf #1 req,200,OK,conf #1 users 1-479,text,true,,366,0,12,12,2820,0,0
1633653938684,2841,conf #1 req,200,OK,conf #1 users 1-478,text,true,,366,0,11,11,2841,0,0
1633653938691,2857,conf #1 req,200,OK,conf #1 users 1-480,text,true,,366,0,10,10,2857,0,0
1633653938695,2873,conf #1 req,200,OK,conf #1 users 1-481,text,true,,366,0,9,9,2873,0,0
1633653938704,2884,conf #1 req,200,OK,conf #1 users 1-483,text,true,,366,0,8,8,2884,0,0
1633653938700,2907,conf #1 req,200,OK,conf #1 users 1-482,text,true,,366,0,7,7,2907,0,0
1633653938707,2924,conf #1 req,200,OK,conf #1 users 1-484,text,true,,366,0,6,6,2924,0,0
1633653938712,2937,conf #1 req,200,OK,conf #1 users 1-485,text,true,,366,0,5,5,2937,0,0
1633653938715,2959,conf #1 req,200,OK,conf #1 users 1-486,text,true,,366,0,4,4,2959,0,0
1633653938719,2973,conf #1 req,200,OK,conf #1 users 1-487,text,true,,366,0,3,3,2973,0,0
1633653938727,2990,conf #1 req,200,OK,conf #1 users 1-489,text,true,,366,0,2,2,2990,0,0
1633653938723,3012,conf #1 req,200,OK,conf #1 users 1-488,text,true,,366,0,1,1,3012,0,0
